title,doi,abstract,RQ1 label,RQ2 label,RQ3 label,RQ4 label
Embracing Contact: Detecting Parent-Infant Interactions,10.1145/3577190.3614147,"We focus on a largely overlooked but crucial modality for parent-child interaction analysis: physical contact. In this paper, we provide a feasibility study to automatically detect contact between a parent and child from videos. Our multimodal CNN model uses a combination of 2D pose heatmaps, body part heatmaps, and cropped images. Two datasets (FlickrCI3D and YOUth PCI) are used to explore the generalization capabilities across different contact scenarios. Our experiments demonstrate that using 2D pose heatmaps and body part heatmaps yields the best performance in contact classification when trained from scratch on parent-infant interactions. We further investigate the influence of proximity on our classification performance. Our results indicate that there are unique challenges in parent-infant contact classification. Finally, we show that contact rates from aggregating frame-level predictions provide decent approximations of the true contact rates, suggesting that they can serve as an automated proxy for measuring the quality of parent-child interactions. By releasing the annotations for the YOUth PCI dataset and our code1, we encourage further research to deepen our understanding of parent-infant interactions and their implications for attachment and development.",No,Partially,No,No
Automatic Smile Detection of Infants in Mother-Infant Interaction via CNN-based Feature Learning,10.1145/3267935.3267951,"Smile is one of the most frequently appeared facial expressions of human beings. It is an explicit social signal to speculate on humans' emotion. Interpretation of infants smile behavior has received much attention in the field of psychology and pediatric medicine, i.e. Autism Spectral Disorder (ASD). Due to low efficiency of manual emotion encoding of infant facial images, automatic smile detection system has drawn many researchers' attention. However, lack of large amount of labeled data hinders the research progress in this field. In this paper, a novel dataset named RCLA&amp;NBH_Smile Dataset was presented. Thirty four infants facial expression videos were recorded during mother-infant interaction and over 77,000 frames were manually labeled. For developing an automatic smile analysis system, we proposed a Convolutional Neural Network (CNN) based method for smile detection. We firstly evaluated our proposed method on two public datasets, GENKI-4K and CelebA, and it achieved satisfactory result of mean accuracy of 94.55% and 92.60%, respectively. Experiments on RCLA&amp;NBH_Smile dataset show that our proposed approach can achieve the mean accuracy of 87.16% and F1-score of 62.54%, respectively.",Partially,Partially,No,Partially
Design and implementation of infant crying monitoring and analysis system based on deep learning,,"Aiming at the problems that the design functions of intelligent baby monitoring products on the market are too single, such as only equipped with basic environmental monitoring functions and low accuracy of crying recognition caused by only sound sensors for baby cry monitoring, a baby monitoring system based on deep learning and multi-sensor combination is designed. The system uses Jetson Nano B01 as the model deployment terminal, combined with the single-chip microcomputer equipped with sensors and K210 visual processing unit to realize the functions of infant crying monitoring, environment and sign data detection, and based on neural network design. The function of emotional analysis of infant crying is expected to ' translate ' the potential needs and health signals of infant crying. Finally, through the analysis of the algorithm data and the actual test of the system, it is shown that the system can meet the design requirements and achieve the target function, which better solves the shortcomings of the current intelligent infant monitoring products and improves the intelligent level of infant monitoring products.",Partially,No,Partially,Partially
Combining Clustering and Functionals based Acoustic Feature Representations for Classification of Baby Sounds,10.1145/3395035.3425182,"This paper investigates different fusion strategies as well as provides insights on their effectiveness alongside standalone classifiers in the framework of paralinguistic analysis of infant vocalizations. The combinations of such systems as Support Vector Machines (SVM) and Extreme Learning Machines (ELM) based classifiers, as well as its weighted kernel version are explored, training systems on different acoustic feature representations and implementing weighted score-level fusion of the predictions. The proposed framework is tested on INTERSPEECH ComParE-2019 Baby Sounds corpus, which is a collection of Home Bank infant vocalization corpora annotated for five classes. Adhering to the challenge protocol, using a single test set submission we outperform the challenge baseline Unweighted Average Recall (UAR) score and achieve a comparable result to the state-of-the-art.",Partially,Partially,No,No
End-to-End Learning and Analysis of Infant Engagement During Guided Play: Prediction and Explainability,10.1145/3536221.3556629,"Infant engagement during guided play is a reliable indicator of early learning outcomes, psychiatric issues and familial wellbeing. An obstacle to using such information in real-world scenarios is the need for a domain expert to assess the data. We show that an end-to-end Deep Learning approach can perform well in automatic infant engagement detection from a single video source, without requiring a clear view of the face or the whole body. To tackle the problem of explainability in learning methods, we evaluate how four common attention mapping techniques can be used to perform subjective evaluation of the network’s decision process and identify multimodal cues used by the network to discriminate engagement levels. We further propose a quantitative comparison approach, by collecting a human attention baseline and evaluating its similarity to each technique.",Partially,Partially,Partially,Partially
Emotion detection in infants using an ensemble classifier with a novel member selection technique,,"In this paper, we develop a method for detecting infant emotion from images using machine learning techniques. It is important to develop automatic infant emotion detection algorithms as they can become part of an integrated system that monitors the well-being of infants at home and in institutional settings. In particular, we develop an ensemble classifier that combines the results from diverse individual classifiers to produce better classification results. We present a novel method for selecting members of the ensemble that is based on the Pearson correlation coefficient of the location of the errors in the classifiers. The results show that the ensemble classifier outperforms individual classifiers by at least 1.4 times, and outperforms a state-of-the-art open-source algorithm for adult emotion detection by a larger margin. The results also indicate that Pearson Correlation among classifiers at a certain number of classifier count is a good criterion for selecting ensemble members.",Partially,No,No,Partially
Automatic analysis of infant engagement during play: An end-to-end learning and Explainable AI pilot experiment,10.1145/3461615.3485443,"Infant engagement during play is an active area of research, related to the development of cognition. Automatic detection of engagement could benefit the research process, but existing techniques used for automatic affect detection are unsuitable for this scenario, since they rely on the automatic extraction of facial and postural features trained on clear video capture of adults. This study shows that end-to-end Deep Learning methods can successfully detect engagement of infants, without the need of clear facial video, when trained for a specific interaction task. It further shows that attention mapping techniques can provide explainability, thereby enabling trust and insight into a model’s reasoning process.",No,No,Partially,Partially
An Investigation into Audio Features and DTW Algorithms for Infant Cry Classification,10.1145/3375923.3375929,"Cry is the most common phenomenon among infants, and it has been reported that babies cry for multiple reasons. Infant cry signals are thought to convey much useful information about the physiological and pathological state of the baby. Hence, in this work we analyzed these audio signals in order to classify different reasons of cries. Cry signals were especially collected for this study including three causes, namely hunger, pain and uncertainty. Modified MFCC features besides basic acoustic features were extracted from each recording. After intergroup variance examination, nine features were selected and subjected to a novel matching process based on Dynamic Time Warping (DTW) for separating infant cries. Experiment results show that nine selected features are effective to recognize cries caused by hunger, pain and other uncertain reasons. The proposed approach for infant cry analysis will provide useful information for designing towards an automatic system for detecting physiological and pathological state of the baby",No,Partially,No,No
Can You Understand Why I Am Crying? A Decision-making System for Classifying Infants’ Cry Languages Based on DeepSVM Model,10.1145/3579032,"Scientific and therapeutic advances in perinatology and neonatology have improved the survival prospects of preterm and extremely-low-birth-weight infants. Infants’ cries are a valuable noninvasive tool for monitoring their neurologic health, especially if they are premature. Automatic acoustic analysis and data mining are employed in this study to determine the discriminative features of preterm and full-term infant cries. The use of machine learning for recognizing sounds in a newborn's cry language has received less attention than previous methods for analyzing the sounds. Moreover, to extract appropriate features from infant cries, adequate knowledge and appropriate signal descriptors are required. Accordingly, to analyze infant cry language, we propose an approach that uses fractal descriptors to extract discriminant features from spectrograms of windowed signals, followed by iterative neighborhood component analysis (iNCA) to select appropriate features. Additionally, the improved deep support vector machine (DeepSVM) is used to classify the infants’ crying types and their meanings. The proposed method is verified using a newborn sound dataset. According to the classification of five types of crying perception based on various characteristics, 98.34% of all crying perceptions have been recognized. Although there are many classes examined, the feature extraction method based on the fractal method and our optimal classification have a much higher diagnostic accuracy compared with similar methods for analyzing baby crying language. The proposed method can overcome many problems associated with analyzing babies’ crying sounds and understanding their language, such as uncertainty and unusual errors in classification.",Yes,No,Partially,Partially
Multimodal Dialogue Management for Multiparty Interaction with Infants,10.1145/3242969.3243029,"We present dialogue management routines for a system to engage in multiparty agent-infant interaction. The ultimate purpose of this research is to help infants learn a visual sign language by engaging them in naturalistic and socially contingent conversations during an early-life critical period for language development (ages 6 to 12 months) as initiated by an artificial agent. As a first step, we focus on creating and maintaining agent-infant engagement that elicits appropriate and socially contingent responses from the baby. Our system includes two agents, a physical robot and an animated virtual human. The system's multimodal perception includes an eye-tracker (measures attention) and a thermal infrared imaging camera (measures patterns of emotional arousal). A dialogue policy is presented that selects individual actions and planned multiparty sequences based on perceptual inputs about the baby's internal changing states of emotional engagement. The present version of the system was evaluated in interaction with 8 babies. All babies demonstrated spontaneous and sustained engagement with the agents for several minutes, with patterns of conversationally relevant and socially contingent behaviors. We further performed a detailed case-study analysis with annotation of all agent and baby behaviors. Results show that the baby's behaviors were generally relevant to agent conversations and contained direct evidence for socially contingent responses by the baby to specific linguistic samples produced by the avatar. This work demonstrates the potential for language learning from agents in very young babies and has especially broad implications regarding the use of artificial agents with babies who have minimal language exposure in early life.",Partially,Partially,Partially,Partially
Multimodal Infant Emotion Recognition Using Visual and Audio Features,10.1109/ICICML63543.2024.10958090,"Infant emotion recognition can help infants grow better. Due to the limited availability of multimodal datasets and the insufficient use of multimodal data in current infant emotion recognition research. First, we constructed an audiovisual infant emotion dataset with 1,338 samples, following the standards of Baby FACS and SAEVD-R, achieving an inter-rater reliability of 75%. Then, we propose a multimodal method that integrates visual and audio information to better capture the temporal dynamics of emotions, addressing the limitations of single-modal methods and improving recognition by learning key emotional segments. This method incorporates a forward masked temporal attention mechanism and a temporal attention enhancement module, allowing the model to capture dynamic relationships between current and past time steps while focusing on the most important video sub-segments for emotion recognition. Experimental results show that this method effectively extracts key features from the infant emotion dataset and the public adult audiovisual emotion dataset, RAVDESS, and significantly improves emotion recognition accuracy.",Partially,Partially,No,No
BFER-Net: Babies Facial Expression Recognition Model Using ResNet12 Enabled Few-Shot Embedding Adaptation and Convolutional Block Attention Modules,10.1109/ACCESS.2025.3545759,"The recognition of babies’ facial expressions is challenging due to the limited availability of annotated data and the complex nature of their emotions.To address this problem, this work introduces a novel dataset, FER-BYC (Facial Expression Recognition for Bangladeshi Young Children), comprising 1,425 annotated images of babies’ facial expressions across seven emotional categories: disgust, fear, anger, happiness, neutral, sadness, and surprise. This dataset fills an enormous void in the domain, as there exist limited prior studies on babies’ facial expression detection. We’ve proposed a fusion model named BFER-Net. Here, we have deployed the feature extraction process. A Convolutional Block Attention Module (CBAM) was integrated into the Modified ResNet12 architecture. It allows the model to focus on the most relevant facial features. The implementation of few-shot learning techniques, like FEAT (Few-shot Embedding Adaptation with Transformer), Modified ResNet12, and Prototypical Networks, are especially appropriate for the small dataset size. Additionally, the proposed approach has been evaluated on the FER-BYC dataset, exhibiting 94.06% validation accuracy, which is better than the performance of traditional methods, and gaining higher classification accuracy. This research not only introduces new dataset but also gives a robust technique for baby facial expression recognition.",Partially,Partially,No,No
Real Time Baby Facial Expression Recognition Using Deep Learning and IoT Edge Computing,10.1109/ICCCS49678.2020.9277428,"Babies are one of the biggest groups that can't communicate verbally. Therefore, facial expressions are a good way to analyze the mood and health conditions of babies. Sleep and excessive crying disorder are common in babies that have a severe negative impact in later part of life such as behavioural problems, learning difficulties, irritability, and sometimes autism spectrum disorder (ASD). Early detection may prevent negative consequences, but that requires continuous monitoring of the facial expressions. Continuous monitoring through the classical IoT system is very expensive because the cloud infrastructure is required to run complex algorithms such as machine/deep learning. Also, an uninterrupted internet facility is required to make this system work. In this paper, a low-cost IoT edge computing and multi-headed 1-dimensional convolutional neural network (1D-CNN) model is proposed for continuous monitoring and classification of the facial expressions into happy, crying, and sleeping categories. IoT edge device locally powers the cloud computing capability, which significantly improves the security, minimizes latency and saves bandwidth costs. The performance of the proposed approach in terms of precision, recall, and f1-score is calculated and compared with the machine learning models. The proposed approach outperforms all machine learning models in all categories (happy, crying, and sleeping).",Partially,No,No,Partially
Emotion Recognition of Infant Cries using Multi-Scale CNN-BLSTM,10.1109/ICSP58490.2023.10248513,"Infant cry is a speech signal that carries rich emotional information, which can not only express the physiological needs of infants but also reflect their emotional states. Currently, there is no publicly available dataset for research on infant cry emotion recognition. To address this issue, we collected and selected 5242 infant cry samples from the internet as a dataset for infant cry emotion recognition. In addition, we proposed a Multiscale Convolutional Neural and Bi-directional Long Short-Term Memory Networks (Multiscale CNN-BLSTM) based method for infant cry emotion recognition. Experimental results show that our proposed model achieved an emotion recognition rate of 83%, which is nearly 11% higher in accuracy compared to convolutional neural networks without multiscale technology.",Partially,Partially,No,No
Comparative Study of Deep Learning Techniques to Detect Emotion from Baby Faces,10.1109/ECCE64574.2025.11013252,"Emotion identification on baby faces has great potential for use in pediatric specialists and peri-partum technology. This study offers a detailed comparison of deep learning approaches to identify three emotional states in baby faces: Crying, Happy, and Normal. All the data sets used here are collected from the Kuwait Bangladesh Friendship Govt. Hospital as a real-time data set and personal photography. Where, the primary dataset was around 600 and data augmentation done for better perfermance. In this study, we applied three Transfer learning models along with our own customized Convolutional Neural Network where MobileNetV2 performed so well and give the highest accuracy of 99.30% and our customized CNN model shows with the accuracy of 96.52% on emotion detection from baby faces. With a highest accuracy, MobileNetV2 outperformed Xception and DenseNet201. The custom CNN also performed well, outperforming VGG19. The performances shows the efficiency of MobileNetV2 and other advanced deep learning models for baby facial emotion identification. In future, we aim to increase our primary datasets since we intended to implement those dataset for an IoT Based Baby Monitoring System.",Partially,No,Partially,No
Infant Facial Expression Recognition Based on Parameter-free Attention Module,10.1109/AICIT55386.2022.9930204,"In order to further improve the accuracy of infant facial expression recognition, an infant facial expression dataset was established, and a parameter-free attention module (PFAM) was proposed. Firstly, the images about infants were collected through the Internet. After screening, 17785 images were chosen and divided into five categories, namely happiness, sadness, surprised, sleeping, and neutral, which generally reflect the infant facial expression. Secondly, using the average pooling and max pooling characteristics in the feature map channel and space, we proposed the parameter-free attention module. Finally, the recognition rate was compared to the common attention module and the deeper residual network. The experimental results show that the recognition rate of Resnet18 network with the PFAM is superior to attention modules SE and CBAM and deeper residual networks, and the recognition rate on self-built infant facial expression dataset exceeds that of the ResNetl01, and the recognition rate on public facial expression dataset RAF-DB exceeds that of the ResNetl52.",Partially,Partially,No,No
Facial Expression Recognition of Infants Based on Multi-Stream CNN Fusion Network,10.1109/ICSIP49896.2020.9339265,"Infants are in the stage of lacking language expression ability, they tend to convey their emotions through facial expressions. However, there is a big difference between infant and adult facial contour, so it is impossible to use the existing adult expression library to recognize infant expressions. Based on this problem, 2,496 baby facial expressions picture had been collected in this paper and established a baby facial expression library -- IFER. In addition, due to the limited self-built data, a multi-stream CNN fusion network for infant facial expression recognition was proposed in this article, and proposes an improved LBP feature operator for infant facial expression feature extraction based on the particularity of infant face. Through the combination of handmade features and multi-stream CNN fusion network, the improved LBP and Sobel edge detection operators were used to extract three feature images in the horizontal and vertical directions of the image and input them into the multi-stream CNN model respectively. The experimental results show that compared with the traditional method, the combination of handmade features and multistream CNN fusion network can more effectively acquire the baby's facial features, and the accuracy is improved to 91.67%.",Partially,Partially,No,No
Infant Speech Emotion Recognition Based on Channel Attention Mechanism with ResNet-BiLSTM,10.1109/ISPDS62779.2024.10667573,"Infants communicate their emotional needs through speech, which contains rich emotional information. In view of the fact that there is no publicly available infant speech emotion data set and the accuracy of existing infant speech emotion recognition methods is poor, in this paper, we collected 6100 infant speech samples from the Internet through crawling and other methods as the infant speech emotion recognition data set, and proposed a ResNet-BiLSTM model integrating channel attention mechanism for infant speech emotion recognition. The model first uses MFCC with dynamic and static feature fusion as input, then uses ResNet network embedded in SENet module to extract channel information of input features, and then sends it to BiLSTM model to extract speech context information. Finally, a fully connected layer is used for classification to obtain the final recognition result. The experimental results show that the proposed method can achieve an accuracy of 85% on the infant speech emotion dataset, which is 9% higher than the ordinary ResNet.",No,Partially,No,No
Emotion Recognition of Infant Crying Sounds Using Convolutional Recurrent Neural Network with Multi-Scale Joint Attention Mechanism,10.1109/ICISE60366.2023.00135,"Infant cries contain rich emotional information, and recognizing them can help us better understand and meet the emotional needs of infants. However, there is currently no publicly available dataset for general infant cry emotion recognition research. To address this issue, we first collected infant cry data through the internet and filtered it using the Dan's Infant Language Theory, resulting in the construction of an infant cry emotional dataset. In addition, we propose a novel emotion recognition method for infant cries using a combination of Convolutional Neural Network (CNN), Convolutional Block Attention Module (CBAM), and Bidirectional Long Short-Term Memory (BLSTM) with a Multi-Scale Joint Attention Mechanism. Experimental results show that our proposed model achieves an accuracy of 85.01%, which is 13.39% higher than the CNN model without multi-scale and attention mechanisms, and 9.2% higher than the Multi-Scale CNN model without attention mechanisms.",Partially,No,No,No
Testing the Universal Baby Language Hypothesis - Automatic Infant Speech Recognition with CNNs,10.1109/TSP.2018.8441412,"This paper presents an application of convolutional neural networks (CNN) for the recognition of the so-called “Dunstan baby language” that consists of five “words” or phonemes used by babies of age under 3 months to communicate their needs before they start crying. The model was derived from a CNN architecture which was successfully applied by the authors for voice-based emotion detection. The input of the neural network is the spectrogram obtained from the audio records of babies' voices and is processed as a two-dimensional image. The architecture was trained for a set of 250 small duration recordings and was tested for other 65 recordings with a recognition rate of 89%. The length of all audio files is less than 1 second; the recordings were extracted from certified Dunstan language recordings. The most important original contribution of the paper is the recognition of the actual “baby words” (and not the baby cry as was done before). This architecture offers an efficient tool for the verification of the “universal baby language” hypothesis, according to which the language of infants does not depend on culture, family, etc.",Partially,No,No,No
Comparison of Emotion Recognition from Baby Cries Using CNN and SVM with Noise Reduction Techniques,10.1109/BTS-I2C63534.2024.10942160,"Emotion recognition from baby cries has become an important field of research, with potential applications in healthcare and caregiving. This paper presents a comparison of Convolutional Neural Networks (CNN) and Support Vector Machines (SVM) for classifying emotions from baby cries, focusing on categories such as hunger, pain, tiredness, discomfort, and burping. Noise interference is a significant challenge in cry recognition, and noise reduction techniques are applied to enhance model accuracy. A 5-fold cross-validation approach is used to evaluate the performance of both models under noisy conditions. According to preliminary findings, the SVM outperformed the CNN, which had an accuracy of 81.7%, with an accuracy of 84% across all emotion categories. Both models demonstrated significant improvements with noise reduction, with the SVM model achieving the highest accuracy increase, rising from 81.2% to 84%. This paper highlights the effectiveness of deep learning models for real-time emotion detection and underscores the importance of noise reduction in achieving reliable results.",Partially,No,No,No
Automated Emotional Valence Estimation in Infants with Stochastic and Strided Temporal Sampling,10.1109/ACII59096.2023.10388096,"We propose the first automated approach to estimate the emotional valence of infants from their facial behavior. We use the state-of-the-art transformer-based video masked autoencoder (VideoMAE) that is pre-trained on a large video dataset as a backbone, and finetune it on two large, well-annotated infant video datasets (SIBSMILE and MODELING). To augment the limited data, we propose a novel video temporal augmentation method called Stochastic and Strided Temporal Sampling (SSTS). We demonstrate the effectiveness of our approach for infant valence estimation by achieving 0.671 Concordance Correlation Coefficient (CCC) on SIBSMILE and MODELING. The experiments show that SSTS remarkably accelerates the training speed by 8 times while gaining the best valence estimation performance. Lastly, we suggest that face detection and cropping (coarse registration) is a promising alternative to landmark-based registration (i.e. fine registration) in data pre-processing when accurate infant facial landmark detectors are inaccessible.",Partially,Partially,Partially,Partially
System for Infant Cry Emotion Recognition using DNN,10.1109/ICSSIT48917.2020.9214198,"In general, a child, especially a neonate, requires the utmost care and attention of parents or elders. But nowadays, parents are very busy with their work and hardly find time to take care of infants. This may lead to physical and mental health issues for infants as well as their parents. The proposed system identifies the emotion of an infant through cry analysis. Infant cry signal vary according to emotion, in terms of pitch, formants, and energy. These variations can be represented by using various parametric features such as mel-frequency cepstral coefficients (MFCC). In this work, a deep neural network (DNN) classifier is employed for infant cry emotion recognition. Using different features, infant cries are categorized into three classes, namely, ‘hunger’, ‘sleep’ and ‘discomfort’. Apart from recording the infant cry, the proposed baby care system also monitors the body temperature, humidity of diaper and outdoor temperature by using appropriate sensors. These values and the recognized cry emotion are sent to the parent's mobile via the GSM module of Arduino UNO. The proposed system then activates immediate soothing measures such as playing music and/or playing parent's voice.",Partially,Partially,No,Partially
Evaluating Temporal Patterns in Applied Infant Affect Recognition,10.1109/ACII55700.2022.9953842,"Agents must monitor their partners' affective states continuously in order to understand and engage in social interactions. However, methods for evaluating affect recognition do not account for changes in classification performance that may occur during occlusions or transitions between affective states. This paper addresses temporal patterns in affect classification performance in the context of an infant-robot interaction, where infants' affective states contribute to their ability to participate in a therapeutic leg movement activity. To support robustness to facial occlusions in video recordings, we trained infant affect recognition classifiers using both facial and body features. Next, we conducted an in-depth analysis of our best-performing models to evaluate how performance changed over time as the models encountered missing data and changing infant affect. During time windows when features were extracted with high confidence, a unimodal model trained on facial features achieved the same optimal performance as multimodal models trained on both facial and body features. However, multimodal models outperformed unimodal models when evaluated on the entire dataset. Additionally, model performance was weakest when predicting an affective state transition and improved after multiple predictions of the same affective state. These findings emphasize the benefits of incorporating body features in continuous affect recognition for infants. Our work highlights the importance of evaluating variability in model performance both over time and in the presence of missing data when applying affect recognition to social interactions.",Partially,Partially,Partially,Partially
Tot-Mon: A Real-Time Internet of Things Based Affective Framework for Monitoring Infants,10.1109/ISVLSI49217.2020.00093,"An increase in the number of working parents has led to a higher demand for remotely monitoring activities of babies through baby monitors. The baby monitors vary from simple audio and video monitoring frameworks to advance applications where we can integrate sensors for tracking vital signs such as heart rate, respiratory rate monitoring. Internet of Things based frameworks consists of sensors or nodes that can wirelessly transmit the acquired data to the cloud. Affective computing, also known as emotional artificial intelligence, helps in developing systems that recognize, interpret, process, and simulate human affects. In this research, we have proposed a real-time framework, Tot-mon, that deploys affective computing through the Internet of Things for baby monitoring. The proposed system recognizes the mood of the baby through the camera and records the corresponding ambient values through the ambient sensor array, which consists of a humidity sensor and temperature sensor. The research demonstration will include a real-time emotion recognition algorithm that reacts to data collected through a single-board computer.",Partially,Partially,Partially,Partially
Analysis of Multiple Types of Baby Cries Based on LSTM,10.1109/ICSP58490.2023.10248903,"The literature currently provides limited analyses of multiple emotions conveyed by infant cries and associated training sets. To address this gap, we collected six common infant cry speech types, which include awake, needing a diaper change, needing to be held, hungry, sleepy, and uncomfortable, from online sources and constructed them into a training set. LSTM (Long Short-Term Memory Neural Network) was utilized for the analysis of infant cry speech in this study. Voice features based on spectral and MFCC features were extracted and inputted into the LSTM network, supplemented by three fully connected layers to enhance generalization ability and robustness. Our results demonstrate that the LSTM model achieved a maximum accuracy of 92.39% in identifying multiple types of infant cries while plateauing after 75 rounds, indicating both efficiency and good performance. Additionally, the confidence probability of the validated speech obtained by the model was 92.9%, demonstrating good generalization ability and robustness based on actual speech data. Therefore, our developed LSTM model has good potential in classifying multiple types of emotions conveyed by infant cries with a high degree of accuracy and robustness.",Partially,Partially,No,No
Infant Facial Expression Analysis Towards Defecation Detection,10.1109/ICET51757.2021.9450899,"Infants need constant care from parents or caregivers, and cannot express themselves verbally. Therefore, automatic infant facial expression recognition system plays an important role in reducing the care burden. As a non-negligible part of baby care, automatic defecation detection based on infant facial expressions has not been investigated yet. This detection is especially important for young parents with little caring experience. In this paper, we built an Infant Expression Database of 465 images from 419 infants, including four categories: happiness, pain, defecation and sleep. Based on this database, we proposed a shallow network structure containing only three convolutional layers for infant facial expression recognition, which achieved an average accuracy of 84.93% for these four categories. Moreover, the recognition results showed that the network has a strong generalization ability, with 81.82% detection accuracy of infant defecation.",Partially,Partially,No,Partially
"Infant Care Assistant using Machine Learning, Audio Processing, Image Processing and IoT Sensor Network",10.1109/ICESC48915.2020.9155597,"With evolving times, working parents have become the norm in the emerging contemporary society. This has led to an increased demand in products that assist parents in taking care of their infants. This paper aims to showcase an Infant Care Assistant which employs IoT sensor network and Raspberry Pi to collect data on the current state of the infant and its surrounding and automation techniques for soothing a troubled infant. The assistant also includes cry detection unit based on support vector classifier, cry analysis unit based on random forest classifier and emotion recognition unit based on mini- Xception convolution neural network model. Furthermore, it stores data using phpMvAdmin and private cloud servers and includes a graphical user interface built using HTML5 and CSS. The results of proposed experiment indicate that this assistant could ease some workload of parents and enable them to take utmost care of their infants.",No,Partially,No,Partially
Video-based discomfort detection for infants using a Constrained Local Model,10.1109/IWSSIP.2016.7502709,"Automatic discomfort detection for infants is important in health care, since infants have no ability to express their discomfort. In this paper, we propose an automatic system for detecting and monitoring discomfort of infants based on video analysis. The system is based on supervised learning and classifies previously unseen infants from the testing set in a fully automated way. Our system consists of face detection and discomfort detection. For each frame, we first detect a face area by using a combination of a skin-color detector and a ViolaJones face detector, and then fit a face shape to the detected face area by using a Constrained Local Model (CLM). After that, we extract expression features by using Elongated Local Binary Pattern (ELBP) on a similarity-normalized appearance (SAPP), and classify expression features with a Support Vector Machine (SVM) for discomfort detection. The key contribution of our system is that it is infant independent and requires no prior knowledge about previously unseen infants. The face detector of the system has an accuracy of 81.5%. The system detects discomfort with an accuracy of 84.3%, a sensitivity of 82.4%, and specificity of 84.9% on the testing set containing videos of 11 infants.",No,Partially,No,Partially
Infant Expression Recognition Using Multi-branch Cross-attention Networks,10.1109/ICISE60366.2023.00134,"Facial expressions are one of the most direct ways for humans to express their emotions and physical states. Because babies do not have good verbal expression ability, it is one of the better ways to judge their emotional state by expression.In this paper, a new model is proposed to improve the accuracy of infant expression recognition. The model combines the multi-branch network structure and the cross-attention module, extracts the feature maps of the original image and the Local Binary Pattern (LBP) image using ResNet50 and VGG16 respectively, then fuses the two feature images and sends them to the cross-attention module, and finally uses the classifier for expression recognition. The model is applied to the self-built infant expression dataset. The experimental results show that the network can effectively extract the features of infant facial expression and accurately judge the infant's expression, and the recognition accuracy can reach 94.3%.",No,Partially,No,No
Automatic Neonatal Pain Estimation: An Acute Pain in Neonates Database,10.1109/ACII.2019.8925480,"Pain assessment is a vital part of newborn treatment in Intensive Care Units. However, clinical pain assessment is highly subjective and does not support continual pain monitoring. Automated tools have been introduced to address this problem, but their performance is limited by inadequate training data and unsuitable pain annotations. In addition, current automated tools focus on pain detection rather than severity estimation, which is the unmet need in medical treatment. In this paper, we present: a) the Acute Pain in Neonates (APN-db) database, a public dataset to support research in this field and allow for benchmarking of new automated tools; b) a novel L1-point Neonatal Face and Limb Acute Pain Scale (NFLAPS), a visual behaviour-centric pain measurement tool, which is an adaptation of the Neonatal Infant Pain Scale (NIPS) and the Neonatal Facial Coding System (NFCS); and c) a system for neonatal pain assessment which encodes pain indicative-features using handcrafted algorithms and deep-learned features. Experiments show that our system performs well with an RMSE of 1.9 compared to human error of 1.65 on the same dataset, demonstrating its potential application to newborn health care.",Partially,Partially,No,Partially
Infant Crying Recognition Method of Limited Data Based on Self-supervised Learning,10.1109/ICICSP62589.2024.10809055,"Infant cry recognition and interpretation are crucial for understanding and addressing infant needs. However, current supervised learning methods suffer from limited annotated infant cry data, leading to performance degradation in classification. In this paper, we propose a self-supervised learning approach for infant cry analysis. The proposed method involves masking the speech input within the latent space and solving a contrastive task defined over quantized latent representations which are jointly learned. By leveraging a substantial volume of unlabeled data, the model discerns crucial audio contrast features. Subsequently, fine-tuning is performed by using a small set of labeled data. The unlabeled data comes from the 960h audio data of the Librispeech dataset. The labeled infant crying data consists of 926 audio tracks (hungry (565), discomfortable (195), angry (82), disturbed (84)), sourced from major hospitals and postpartum clubs, hich achieves accuracies of 98.67%, 95.60%, and 95.18% in binary, ternary, and quaternary classifications, respectively. Compared to traditional supervised learning models (CNN, TDNNS, Res2Net), there is a significant improvement in accuracy.",No,No,Partially,No
Recognition of Infants' Gaze Behaviors and Emotions,10.1109/ICPR.2018.8545766,"This paper proposes a system for recognition of infants' gaze behaviors and emotions from videos. In the current work, researchers believed that the information of eye region is crucial for gaze behavior recognition, and emotion recognition mostly depends on the appearance of face. However, because the differentiation of all parts of infant's body has not finished yet, we found that infants always express their intentions and emotions using their whole body, especially moving their heads. Therefore, we incorporate the head pose information as features into the gaze behavior recognition, and we extract the gaze features to improve the recognition of infants' emotions. In addition, we combine several Deep Neural Networks, which can not only capture the details of the images very well, but also make full use of the temporal features. In order to recognize infants' gaze behaviors, we design a feature-extraction convolutional neural network which can obtain the features of infants' gaze direction, then we feed these features with head pose into the next gaze behavior recurrent neural network. Moreover, we combine the features of facial express and gaze behavior to characterize infants' emotions, and expand this system with an emotion recurrent neural network. In the end, we achieve the recognition accuracy 98.31% and 94.71% respectively on our data set.",Partially,Partially,No,Partially
Acceptance of a minimal design of a human infant for facilitating affective interaction with older adults: A case study toward interactive doll therapy,10.1109/RO-MAN47096.2020.9223613,"We introduce a minimal design approach to achieve a robot for interactive doll therapy. Our approach aims for positive interactions with older adults with dementia by just expressing the most basic elements of human-like features and relying on the user’s imagination to supplement the missing information. Based on this approach, we developed HIRO, a baby-sized robot with abstract body representation and without face. The recorded voice of a real human infant emitted by robots enhance human-like features of the robot and then facilitate emotional interaction between older people and the robot. A field study showed that HIRO was accepted by older adults with dementia and facilitated positive interaction by stimulating their imagination.",No,No,Partially,No
Automatic action unit detection in infants using convolutional neural network,10.1109/ACII.2017.8273603,"Action unit detection in infants relative to adults presents unique challenges. Jaw contour is less distinct, facial texture is reduced, and rapid and unusual facial movements are common. To detect facial action units in spontaneous behavior of infants, we propose a multi-label Convolutional Neural Network (CNN). Eighty-six infants were recorded during tasks intended to elicit enjoyment and frustration. Using an extension of FACS for infants (Baby FACS), over 230,000 frames were manually coded for ground truth. To control for chance agreement, inter-observer agreement between Baby-FACS coders was quantified using free-margin kappa. Kappa coefficients ranged from 0.79 to 0.93, which represents high agreement. The multi-label CNN achieved comparable agreement with manual coding. Kappa ranged from 0.69 to 0.93. Importantly, the CNN-based AU detection revealed the same change in findings with respect to infant expressiveness between tasks. While further research is needed, these findings suggest that automatic AU detection in infants is a viable alternative to manual coding of infant facial expression.",Partially,Partially,No,No
Coding infant engagement in the Face-to-Face Still-Face paradigm using deep neural networks,https://doi.org/10.1016/j.infbeh.2023.101827,"Background
The Face-to-Face Still-Face (FFSF) task is a validated and commonly used observational measure of mother-infant socio-emotional interactions. With the ascendence of deep learning-based facial emotion recognition, it is possible that common complex tasks, such as the coding of FFSF videos, could be coded with a high degree of accuracy by deep neural networks (DNNs). The primary objective of this study was to test the accuracy of four DNN image classification models against the coding of infant engagement conducted by two trained independent manual raters.
Methods
68 mother-infant dyads completed the FFSF task at three timepoints. Two trained independent raters undertook second-by-second manual coding of infant engagement into one of four classes: 1) positive affect, 2) neutral affect, 3) object/environment engagement, and 4) negative affect.
Results
Training four different DNN models on 40,000 images, we achieved a maximum accuracy of 99.5% on image classification of infant frames taken from recordings of the FFSF task with a maximum inter-rater reliability (Cohen's κ-value) of 0.993.
Limitations
This study inherits all sampling and experimental limitations of the original study from which the data was taken, namely a relatively small and primarily White sample.
Conclusions
Based on the extremely high classification accuracy, these findings suggest that DNNs could be used to code infant engagement in FFSF recordings. DNN image classification models may also have the potential to improve the efficiency of coding all observational tasks with applications across multiple fields of human behavior research.",Partially,No,No,No
Multimodal spatio-temporal deep learning approach for neonatal postoperative pain assessment,https://doi.org/10.1016/j.compbiomed.2020.104150,"The current practice for assessing neonatal postoperative pain relies on bedside caregivers. This practice is subjective, inconsistent, slow, and discontinuous. To develop a reliable medical interpretation, several automated approaches have been proposed to enhance the current practice. These approaches are unimodal and focus mainly on assessing neonatal procedural (acute) pain. As pain is a multimodal emotion that is often expressed through multiple modalities, the multimodal assessment of pain is necessary especially in case of postoperative (acute prolonged) pain. Additionally, spatio-temporal analysis is more stable over time and has been proven to be highly effective at minimizing misclassification errors. In this paper, we present a novel multimodal spatio-temporal approach that integrates visual and vocal signals and uses them for assessing neonatal postoperative pain. We conduct comprehensive experiments to investigate the effectiveness of the proposed approach. We compare the performance of the multimodal and unimodal postoperative pain assessment, and measure the impact of temporal information integration. The experimental results, on a real-world dataset, show that the proposed multimodal spatio-temporal approach achieves the highest AUC (0.87) and accuracy (79%), which are on average 6.67% and 6.33% higher than unimodal approaches. The results also show that the integration of temporal information markedly improves the performance as compared to the non-temporal approach as it captures changes in the pain dynamic. These results demonstrate that the proposed approach can be used as a viable alternative to manual assessment, which would tread a path toward fully automated pain monitoring in clinical settings, point-of-care testing, and homes.",No,Partially,No,No